agent_type,noise,pB_scale,pB_lr,coop_bias,gamma,alpha,policy_len,update_interval,preferences,noisy_A,mean_score,mean_cooperation_rate,mean_rank
DBS,0.0,N/A,N/A,N/A,N/A,N/A,N/A,N/A,N/A,N/A,2377.2039285714286,0.48213412698412694,9.0
DBS,0.05,N/A,N/A,N/A,N/A,N/A,N/A,N/A,N/A,N/A,2179.881428571429,0.40844761904761906,1.4428571428571428
DBS,0.1,N/A,N/A,N/A,N/A,N/A,N/A,N/A,N/A,N/A,2148.375178571429,0.4007511904761905,1.0678571428571428
DBS,0.15,N/A,N/A,N/A,N/A,N/A,N/A,N/A,N/A,N/A,2087.5189285714287,0.40434742063492063,1.9214285714285715
DBS,0.2,N/A,N/A,N/A,N/A,N/A,N/A,N/A,N/A,N/A,2055.6764285714285,0.38925436507936506,4.207142857142857
DBS,0.25,N/A,N/A,N/A,N/A,N/A,N/A,N/A,N/A,N/A,2084.9798214285715,0.42481349206349206,4.7821428571428575
DBS,0.3,N/A,N/A,N/A,N/A,N/A,N/A,N/A,N/A,N/A,2117.05,0.43829444444444443,6.4
DBS,0.35,N/A,N/A,N/A,N/A,N/A,N/A,N/A,N/A,N/A,2152.19,0.4471111111111111,7.7
DBS,0.4,N/A,N/A,N/A,N/A,N/A,N/A,N/A,N/A,N/A,2175.125,0.4582888888888889,9.4
DBS,0.45,N/A,N/A,N/A,N/A,N/A,N/A,N/A,N/A,N/A,2219.1666666666665,0.47479012345679017,8.333333333333334
DBS,0.5,N/A,N/A,N/A,N/A,N/A,N/A,N/A,N/A,N/A,2241.9055555555556,0.5044753086419753,13.333333333333334
Factorized,0.0,1.0,0.5,0.25,0.3,1.0,10,100,nash,True,1627.75,0.40944444444444444,15.75
Factorized,0.0,1.0,0.5,0.5,0.3,1.0,5,10,standard,False,1654.0,0.4399166666666667,15.5
Factorized,0.0,1.0,0.5,0.5,0.6,0.3,1,10,nash,True,1821.05,0.5027916666666666,14.5
Factorized,0.0,1.0,0.5,0.5,0.6,0.6,5,100,standard,True,1542.0,0.3732916666666667,16.75
Factorized,0.0,1.0,0.5,0.5,0.6,1.0,5,50,standard,True,1549.975,0.30547222222222226,16.25
Factorized,0.0,1.0,1.0,0.5,0.6,0.3,5,100,standard,True,1641.1875,0.43604166666666666,15.75
Factorized,0.0,1.0,1.0,0.5,1.0,0.3,5,100,nash,False,1864.1,0.5604722222222223,14.0
Factorized,0.0,1.0,1.0,0.75,0.3,0.6,5,50,nash,True,1689.9375,0.4890416666666667,15.5
Factorized,0.0,1.0,1.0,0.75,0.3,0.6,5,100,nash,False,1838.8625,0.5399444444444444,14.25
Factorized,0.0,1.0,1.0,0.75,0.6,1.0,10,10,standard,True,1532.3,0.3445138888888889,16.75
Factorized,0.0,1.0,1.5,0.5,0.3,0.3,5,50,nash,True,1679.075,0.4893194444444444,15.75
Factorized,0.0,1.0,1.5,0.5,1.0,0.6,10,10,nash,False,2028.85,0.6330138888888889,12.5
Factorized,0.0,1.0,1.5,0.75,0.3,0.3,5,100,nash,False,1724.3375,0.5153194444444444,15.0
Factorized,0.0,10.0,0.5,0.5,0.3,0.3,5,50,standard,False,1693.475,0.482375,15.25
Factorized,0.0,10.0,0.5,0.5,1.0,0.6,10,100,nash,False,1973.6125,0.6304444444444445,12.75
Factorized,0.0,10.0,0.5,0.75,0.3,0.3,5,50,nash,True,1696.75,0.49240277777777774,15.5
Factorized,0.0,10.0,0.5,0.75,0.3,0.6,1,100,nash,False,1738.6125,0.5391805555555556,15.0
Factorized,0.0,10.0,0.5,0.75,0.3,1.0,5,100,standard,False,1650.45,0.44094444444444447,15.75
Factorized,0.0,10.0,0.5,0.75,1.0,0.3,10,50,nash,False,1936.5500000000002,0.5714305555555556,13.5
Factorized,0.0,10.0,1.0,0.25,0.6,0.3,5,50,standard,True,1630.9375,0.41883333333333334,15.75
Factorized,0.0,10.0,1.0,0.5,1.0,1.0,1,50,nash,True,1620.5,0.3325694444444445,15.75
Factorized,0.0,10.0,1.0,0.75,0.3,0.3,5,50,standard,True,1682.575,0.47375,15.75
Factorized,0.0,10.0,1.0,0.75,0.3,0.3,5,100,standard,False,1693.4,0.4823472222222222,15.25
Factorized,0.0,10.0,1.5,0.75,0.3,0.3,1,50,nash,True,1772.825,0.49575,14.75
Factorized,0.0,10.0,1.5,0.75,0.3,0.6,10,50,nash,True,1684.8625,0.480375,15.5
Factorized,0.0,100.0,1.0,0.25,0.3,0.6,10,100,standard,False,1644.7875,0.46419444444444447,15.75
Factorized,0.0,100.0,1.0,0.25,0.6,0.3,1,10,standard,True,1726.8625,0.4189861111111111,15.25
Factorized,0.0,100.0,1.0,0.25,0.6,0.3,5,10,standard,True,1606.0749999999998,0.3990972222222222,16.5
Factorized,0.0,100.0,1.0,0.5,1.0,0.3,5,10,nash,False,1846.5375,0.569,14.0
Factorized,0.0,100.0,1.5,0.5,0.6,0.6,10,100,nash,False,1884.6,0.5846944444444444,13.75
Factorized,0.05,1.0,0.5,0.25,0.3,1.0,10,100,nash,True,1738.6875,0.43995833333333334,13.5
Factorized,0.05,1.0,0.5,0.5,0.3,1.0,5,10,standard,False,1731.15,0.4497777777777778,14.5
Factorized,0.05,1.0,0.5,0.5,0.6,0.3,1,10,nash,True,1817.2375,0.5068472222222222,12.0
Factorized,0.05,1.0,0.5,0.5,0.6,0.6,5,100,standard,True,1644.9,0.38841666666666663,16.5
Factorized,0.05,1.0,0.5,0.5,0.6,1.0,5,50,standard,True,1653.875,0.33344444444444443,16.25
Factorized,0.05,1.0,1.0,0.5,0.6,0.3,5,100,standard,True,1719.15,0.4431111111111111,14.75
Factorized,0.05,1.0,1.0,0.5,1.0,0.3,5,100,nash,False,1942.95,0.56375,7.25
Factorized,0.05,1.0,1.0,0.75,0.3,0.6,5,50,nash,True,1779.55,0.49330555555555555,12.25
Factorized,0.05,1.0,1.0,0.75,0.3,0.6,5,100,nash,False,1888.225,0.5386805555555556,9.25
Factorized,0.05,1.0,1.0,0.75,0.6,1.0,10,10,standard,True,1679.4,0.3589583333333333,15.5
Factorized,0.05,1.0,1.5,0.5,0.3,0.3,5,50,nash,True,1762.9875000000002,0.4942916666666667,13.25
Factorized,0.05,1.0,1.5,0.5,1.0,0.6,10,10,nash,False,1907.9,0.6126666666666667,8.5
Factorized,0.05,1.0,1.5,0.75,0.3,0.3,5,100,nash,False,1805.225,0.5160138888888889,11.25
Factorized,0.05,10.0,0.5,0.5,0.3,0.3,5,50,standard,False,1793.8249999999998,0.4852638888888889,12.0
Factorized,0.05,10.0,0.5,0.5,1.0,0.6,10,100,nash,False,1930.35,0.6234027777777778,8.0
Factorized,0.05,10.0,0.5,0.75,0.3,0.3,5,50,nash,True,1788.4875,0.49412500000000004,12.0
Factorized,0.05,10.0,0.5,0.75,0.3,0.6,1,100,nash,False,1787.95,0.5403472222222222,12.25
Factorized,0.05,10.0,0.5,0.75,0.3,1.0,5,100,standard,False,1722.4125,0.45011111111111113,15.0
Factorized,0.05,10.0,0.5,0.75,1.0,0.3,10,50,nash,False,1798.4,0.5587916666666667,12.25
Factorized,0.05,10.0,1.0,0.25,0.6,0.3,5,50,standard,True,1698.1,0.4321666666666667,15.0
Factorized,0.05,10.0,1.0,0.5,1.0,1.0,1,50,nash,True,1769.775,0.39794444444444443,11.75
Factorized,0.05,10.0,1.0,0.75,0.3,0.3,5,50,standard,True,1762.6625,0.474625,12.75
Factorized,0.05,10.0,1.0,0.75,0.3,0.3,5,100,standard,False,1790.4875,0.4851388888888889,12.0
Factorized,0.05,10.0,1.5,0.75,0.3,0.3,1,50,nash,True,1734.95,0.4954305555555556,14.75
Factorized,0.05,10.0,1.5,0.75,0.3,0.6,10,50,nash,True,1776.275,0.4856666666666667,12.5
Factorized,0.05,100.0,1.0,0.25,0.3,0.6,10,100,standard,False,1761.825,0.47020833333333334,14.0
Factorized,0.05,100.0,1.0,0.25,0.6,0.3,1,10,standard,True,1732.975,0.4291666666666667,14.25
Factorized,0.05,100.0,1.0,0.25,0.6,0.3,5,10,standard,True,1681.175,0.4074583333333333,15.75
Factorized,0.05,100.0,1.0,0.5,1.0,0.3,5,10,nash,False,1904.325,0.5682916666666666,9.0
Factorized,0.05,100.0,1.5,0.5,0.6,0.6,10,100,nash,False,1823.3125,0.5759305555555556,10.75
Factorized,0.1,1.0,0.5,0.25,0.3,1.0,10,100,nash,True,1782.3375,0.45148611111111114,14.75
Factorized,0.1,1.0,0.5,0.5,0.3,1.0,5,10,standard,False,1774.2,0.45843055555555556,15.75
Factorized,0.1,1.0,0.5,0.5,0.6,0.3,1,10,nash,True,1883.1125,0.5089722222222223,9.25
Factorized,0.1,1.0,0.5,0.5,0.6,0.6,5,100,standard,True,1788.4375,0.3997777777777778,14.5
Factorized,0.1,1.0,0.5,0.5,0.6,1.0,5,50,standard,True,1800.8500000000001,0.3504027777777778,13.5
Factorized,0.1,1.0,1.0,0.5,0.6,0.3,5,100,standard,True,1771.8,0.4499861111111111,15.75
Factorized,0.1,1.0,1.0,0.5,1.0,0.3,5,100,nash,False,1906.825,0.555,9.25
Factorized,0.1,1.0,1.0,0.75,0.3,0.6,5,50,nash,True,1812.9750000000001,0.4962361111111111,14.25
Factorized,0.1,1.0,1.0,0.75,0.3,0.6,5,100,nash,False,1880.0625,0.5364861111111111,10.5
Factorized,0.1,1.0,1.0,0.75,0.6,1.0,10,10,standard,True,1735.95,0.37302777777777774,16.75
Factorized,0.1,1.0,1.5,0.5,0.3,0.3,5,50,nash,True,1800.3,0.49690277777777775,15.0
Factorized,0.1,1.0,1.5,0.5,1.0,0.6,10,10,nash,False,1860.2375,0.5962222222222222,11.75
Factorized,0.1,1.0,1.5,0.75,0.3,0.3,5,100,nash,False,1839.7,0.5163472222222222,11.75
Factorized,0.1,10.0,0.5,0.5,0.3,0.3,5,50,standard,False,1794.275,0.4887222222222222,15.25
Factorized,0.1,10.0,0.5,0.5,1.0,0.6,10,100,nash,False,1917.35,0.6103472222222222,8.25
Factorized,0.1,10.0,0.5,0.75,0.3,0.3,5,50,nash,True,1798.55,0.4961527777777778,15.0
Factorized,0.1,10.0,0.5,0.75,0.3,0.6,1,100,nash,False,1848.7625,0.5403333333333333,12.0
Factorized,0.1,10.0,0.5,0.75,0.3,1.0,5,100,standard,False,1770.5625,0.45855555555555555,15.75
Factorized,0.1,10.0,0.5,0.75,1.0,0.3,10,50,nash,False,1833.4125,0.5557222222222222,12.75
Factorized,0.1,10.0,1.0,0.25,0.6,0.3,5,50,standard,True,1775.9125,0.4405,15.25
Factorized,0.1,10.0,1.0,0.5,1.0,1.0,1,50,nash,True,1817.075,0.41525,12.75
Factorized,0.1,10.0,1.0,0.75,0.3,0.3,5,50,standard,True,1795.3,0.4784861111111111,14.5
Factorized,0.1,10.0,1.0,0.75,0.3,0.3,5,100,standard,False,1793.2625,0.4886111111111111,15.25
Factorized,0.1,10.0,1.5,0.75,0.3,0.3,1,50,nash,True,1817.5375,0.4971111111111111,13.0
Factorized,0.1,10.0,1.5,0.75,0.3,0.6,10,50,nash,True,1780.3625,0.4866666666666667,15.0
Factorized,0.1,100.0,1.0,0.25,0.3,0.6,10,100,standard,False,1794.425,0.4734027777777778,15.0
Factorized,0.1,100.0,1.0,0.25,0.6,0.3,1,10,standard,True,1826.45,0.4364444444444444,12.0
Factorized,0.1,100.0,1.0,0.25,0.6,0.3,5,10,standard,True,1759.2375,0.4166944444444445,16.0
Factorized,0.1,100.0,1.0,0.5,1.0,0.3,5,10,nash,False,1884.95,0.5618611111111111,9.75
Factorized,0.1,100.0,1.5,0.5,0.6,0.6,10,100,nash,False,1868.6875,0.5715555555555556,11.5
Factorized,0.15,1.0,0.5,0.25,0.3,1.0,10,100,nash,True,1835.2875,0.4613611111111111,16.25
Factorized,0.15,1.0,0.5,0.5,0.3,1.0,5,10,standard,False,1854.6875,0.46408333333333335,15.0
Factorized,0.15,1.0,0.5,0.5,0.6,0.3,1,10,nash,True,1888.3375,0.5093194444444444,14.0
Factorized,0.15,1.0,0.5,0.5,0.6,0.6,5,100,standard,True,1843.725,0.4099861111111111,15.0
Factorized,0.15,1.0,0.5,0.5,0.6,1.0,5,50,standard,True,1817.5375,0.3657916666666666,16.5
Factorized,0.15,1.0,1.0,0.5,0.6,0.3,5,100,standard,True,1853.5625,0.45484722222222224,15.0
Factorized,0.15,1.0,1.0,0.5,1.0,0.3,5,100,nash,False,1912.65,0.5503611111111111,12.75
Factorized,0.15,1.0,1.0,0.75,0.3,0.6,5,50,nash,True,1881.3,0.4982777777777778,13.75
Factorized,0.15,1.0,1.0,0.75,0.3,0.6,5,100,nash,False,1903.75,0.5328333333333333,13.0
Factorized,0.15,1.0,1.0,0.75,0.6,1.0,10,10,standard,True,1835.7875,0.38698611111111114,15.75
Factorized,0.15,1.0,1.5,0.5,0.3,0.3,5,50,nash,True,1873.3125,0.4972361111111111,14.25
Factorized,0.15,1.0,1.5,0.5,1.0,0.6,10,10,nash,False,1907.725,0.5961527777777778,11.5
Factorized,0.15,1.0,1.5,0.75,0.3,0.3,5,100,nash,False,1896.525,0.5153194444444444,13.5
Factorized,0.15,10.0,0.5,0.5,0.3,0.3,5,50,standard,False,1864.8875,0.4897361111111111,14.5
Factorized,0.15,10.0,0.5,0.5,1.0,0.6,10,100,nash,False,1896.8,0.5988333333333333,13.5
Factorized,0.15,10.0,0.5,0.75,0.3,0.3,5,50,nash,True,1879.2625,0.4966111111111111,14.0
Factorized,0.15,10.0,0.5,0.75,0.3,0.6,1,100,nash,False,1917.35,0.5392083333333333,11.25
Factorized,0.15,10.0,0.5,0.75,0.3,1.0,5,100,standard,False,1856.225,0.46394444444444444,15.0
Factorized,0.15,10.0,0.5,0.75,1.0,0.3,10,50,nash,False,1879.9,0.5538888888888889,14.5
Factorized,0.15,10.0,1.0,0.25,0.6,0.3,5,50,standard,True,1832.975,0.44695833333333335,16.0
Factorized,0.15,10.0,1.0,0.5,1.0,1.0,1,50,nash,True,1889.2375,0.43680555555555556,13.5
Factorized,0.15,10.0,1.0,0.75,0.3,0.3,5,50,standard,True,1863.95,0.4798611111111111,14.5
Factorized,0.15,10.0,1.0,0.75,0.3,0.3,5,100,standard,False,1864.5,0.48941666666666667,14.5
Factorized,0.15,10.0,1.5,0.75,0.3,0.3,1,50,nash,True,1894.95,0.49906944444444445,13.5
Factorized,0.15,10.0,1.5,0.75,0.3,0.6,10,50,nash,True,1855.4625,0.4896111111111111,16.0
Factorized,0.15,100.0,1.0,0.25,0.3,0.6,10,100,standard,False,1865.725,0.4766111111111111,15.5
Factorized,0.15,100.0,1.0,0.25,0.6,0.3,1,10,standard,True,1909.95,0.44425,12.25
Factorized,0.15,100.0,1.0,0.25,0.6,0.3,5,10,standard,True,1833.1875,0.42506944444444444,16.0
Factorized,0.15,100.0,1.0,0.5,1.0,0.3,5,10,nash,False,1896.5,0.5550694444444444,13.25
Factorized,0.15,100.0,1.5,0.5,0.6,0.6,10,100,nash,False,1888.575,0.5650972222222223,13.75
Factorized,0.2,1.0,0.5,0.25,0.3,1.0,10,100,nash,True,1914.9499999999998,0.4696111111111111,16.25
Factorized,0.2,1.0,0.5,0.5,0.3,1.0,5,10,standard,False,1910.4375,0.4698472222222222,15.25
Factorized,0.2,1.0,0.5,0.5,0.6,0.3,1,10,nash,True,1922.8625,0.5094722222222222,16.0
Factorized,0.2,1.0,0.5,0.5,0.6,0.6,5,100,standard,True,1918.975,0.42125,15.75
Factorized,0.2,1.0,0.5,0.5,0.6,1.0,5,50,standard,True,1906.025,0.38322222222222224,15.5
Factorized,0.2,1.0,1.0,0.5,0.6,0.3,5,100,standard,True,1917.05,0.4608611111111111,16.0
Factorized,0.2,1.0,1.0,0.5,1.0,0.3,5,100,nash,False,1917.175,0.5424444444444445,15.5
Factorized,0.2,1.0,1.0,0.75,0.3,0.6,5,50,nash,True,1917.3125,0.49848611111111113,15.25
Factorized,0.2,1.0,1.0,0.75,0.3,0.6,5,100,nash,False,1908.525,0.5283055555555556,15.75
Factorized,0.2,1.0,1.0,0.75,0.6,1.0,10,10,standard,True,1925.9625,0.4008888888888889,15.0
Factorized,0.2,1.0,1.5,0.5,0.3,0.3,5,50,nash,True,1914.8125,0.4982361111111111,14.75
Factorized,0.2,1.0,1.5,0.5,1.0,0.6,10,10,nash,False,1917.775,0.5850277777777777,15.75
Factorized,0.2,1.0,1.5,0.75,0.3,0.3,5,100,nash,False,1921.6,0.5131944444444445,15.5
Factorized,0.2,10.0,0.5,0.5,0.3,0.3,5,50,standard,False,1907.45,0.4908194444444444,15.5
Factorized,0.2,10.0,0.5,0.5,1.0,0.6,10,100,nash,False,1909.5125,0.5872916666666667,16.25
Factorized,0.2,10.0,0.5,0.75,0.3,0.3,5,50,nash,True,1915.075,0.49705555555555553,14.75
Factorized,0.2,10.0,0.5,0.75,0.3,0.6,1,100,nash,False,1953.4625,0.5347500000000001,15.0
Factorized,0.2,10.0,0.5,0.75,0.3,1.0,5,100,standard,False,1922.575,0.4695972222222222,15.25
Factorized,0.2,10.0,0.5,0.75,1.0,0.3,10,50,nash,False,1922.725,0.5481805555555556,15.5
Factorized,0.2,10.0,1.0,0.25,0.6,0.3,5,50,standard,True,1910.7125,0.4536527777777778,15.75
Factorized,0.2,10.0,1.0,0.5,1.0,1.0,1,50,nash,True,1930.9625,0.45037499999999997,14.75
Factorized,0.2,10.0,1.0,0.75,0.3,0.3,5,50,standard,True,1909.925,0.4821388888888889,15.75
Factorized,0.2,10.0,1.0,0.75,0.3,0.3,5,100,standard,False,1908.175,0.49056944444444445,15.5
Factorized,0.2,10.0,1.5,0.75,0.3,0.3,1,50,nash,True,1941.1125,0.4999444444444444,15.0
Factorized,0.2,10.0,1.5,0.75,0.3,0.6,10,50,nash,True,1914.8625,0.49275,15.75
Factorized,0.2,100.0,1.0,0.25,0.3,0.6,10,100,standard,False,1923.1125,0.47975,15.75
Factorized,0.2,100.0,1.0,0.25,0.6,0.3,1,10,standard,True,1926.6,0.45181944444444444,15.25
Factorized,0.2,100.0,1.0,0.25,0.6,0.3,5,10,standard,True,1917.125,0.43394444444444447,15.75
Factorized,0.2,100.0,1.0,0.5,1.0,0.3,5,10,nash,False,1909.275,0.54725,16.0
Factorized,0.2,100.0,1.5,0.5,0.6,0.6,10,100,nash,False,1915.4125,0.55725,15.75
Factorized,0.25,1.0,0.5,0.25,0.3,1.0,10,100,nash,True,1989.55,0.4776527777777778,15.5
Factorized,0.25,1.0,0.5,0.5,0.3,1.0,5,10,standard,False,1978.475,0.47408333333333336,16.0
Factorized,0.25,1.0,0.5,0.5,0.6,0.3,1,10,nash,True,1992.6125,0.5093055555555556,15.0
Factorized,0.25,1.0,0.5,0.5,0.6,0.6,5,100,standard,True,1989.05,0.4327777777777778,15.5
Factorized,0.25,1.0,0.5,0.5,0.6,1.0,5,50,standard,True,1981.6,0.4017222222222222,15.75
Factorized,0.25,1.0,1.0,0.5,0.6,0.3,5,100,standard,True,1986.7625,0.46554166666666663,15.25
Factorized,0.25,1.0,1.0,0.5,1.0,0.3,5,100,nash,False,1993.45,0.5388194444444445,15.0
Factorized,0.25,1.0,1.0,0.75,0.3,0.6,5,50,nash,True,1982.3000000000002,0.49893055555555554,16.25
Factorized,0.25,1.0,1.0,0.75,0.3,0.6,5,100,nash,False,1990.8875,0.5253194444444444,14.75
Factorized,0.25,1.0,1.0,0.75,0.6,1.0,10,10,standard,True,2007.95,0.41694444444444445,13.25
Factorized,0.25,1.0,1.5,0.5,0.3,0.3,5,50,nash,True,1983.75,0.49798611111111113,16.0
Factorized,0.25,1.0,1.5,0.5,1.0,0.6,10,10,nash,False,1981.825,0.5783611111111111,16.5
Factorized,0.25,1.0,1.5,0.75,0.3,0.3,5,100,nash,False,2002.375,0.5112222222222222,14.75
Factorized,0.25,10.0,0.5,0.5,0.3,0.3,5,50,standard,False,1986.125,0.49134722222222227,16.0
Factorized,0.25,10.0,0.5,0.5,1.0,0.6,10,100,nash,False,1958.8125,0.5781805555555556,16.75
Factorized,0.25,10.0,0.5,0.75,0.3,0.3,5,50,nash,True,1980.9375,0.49668055555555557,16.0
Factorized,0.25,10.0,0.5,0.75,0.3,0.6,1,100,nash,False,2007.8375,0.5297499999999999,14.75
Factorized,0.25,10.0,0.5,0.75,0.3,1.0,5,100,standard,False,1978.9875,0.4736111111111111,15.75
Factorized,0.25,10.0,0.5,0.75,1.0,0.3,10,50,nash,False,1973.275,0.5435416666666667,16.0
Factorized,0.25,10.0,1.0,0.25,0.6,0.3,5,50,standard,True,1988.6625,0.459125,15.5
Factorized,0.25,10.0,1.0,0.5,1.0,1.0,1,50,nash,True,1988.9125,0.4645138888888889,15.25
Factorized,0.25,10.0,1.0,0.75,0.3,0.3,5,50,standard,True,1984.425,0.4834583333333333,16.0
Factorized,0.25,10.0,1.0,0.75,0.3,0.3,5,100,standard,False,1984.625,0.49109722222222224,16.0
Factorized,0.25,10.0,1.5,0.75,0.3,0.3,1,50,nash,True,1992.725,0.4994444444444444,15.0
Factorized,0.25,10.0,1.5,0.75,0.3,0.6,10,50,nash,True,1987.5875,0.49543055555555554,16.0
Factorized,0.25,100.0,1.0,0.25,0.3,0.6,10,100,standard,False,1990.675,0.4841944444444444,15.75
Factorized,0.25,100.0,1.0,0.25,0.6,0.3,1,10,standard,True,2007.1125,0.4581527777777778,14.0
Factorized,0.25,100.0,1.0,0.25,0.6,0.3,5,10,standard,True,1994.0375,0.442875,15.0
Factorized,0.25,100.0,1.0,0.5,1.0,0.3,5,10,nash,False,1990.325,0.5419305555555556,15.25
Factorized,0.25,100.0,1.5,0.5,0.6,0.6,10,100,nash,False,1980.2,0.5515416666666666,16.25
Factorized,0.3,1.0,0.5,0.5,0.3,1.0,5,10,standard,False,2034.2875,0.48073611111111114,15.75
Factorized,0.3,1.0,1.0,0.75,0.6,1.0,10,10,standard,True,2079.825,0.4336111111111111,11.5
Factorized,0.3,10.0,1.0,0.5,1.0,1.0,1,50,nash,True,2027.7,0.4760833333333333,16.0
Factorized,0.35,1.0,0.5,0.5,0.3,1.0,5,10,standard,False,2096.9,0.4847222222222222,15.25
Factorized,0.35,1.0,1.0,0.75,0.6,1.0,10,10,standard,True,2126.6625,0.44856944444444447,10.5
Factorized,0.35,10.0,1.0,0.5,1.0,1.0,1,50,nash,True,2104.8,0.48494444444444446,14.5
Factorized,0.4,1.0,0.5,0.5,0.3,1.0,5,10,standard,False,2156.3,0.48868055555555556,12.25
Factorized,0.4,1.0,1.0,0.75,0.6,1.0,10,10,standard,True,2166.5875,0.46652777777777776,10.75
Factorized,0.4,10.0,1.0,0.5,1.0,1.0,1,50,nash,True,2147.8,0.4923888888888889,13.0
Factorized,0.45,1.0,0.5,0.5,0.3,1.0,5,10,standard,False,2194.8875,0.49380555555555555,13.5
Factorized,0.45,1.0,1.0,0.75,0.6,1.0,10,10,standard,True,2209.0,0.4839583333333333,10.25
Factorized,0.45,10.0,1.0,0.5,1.0,1.0,1,50,nash,True,2224.5,0.49772222222222223,8.0
Factorized,0.5,1.0,0.5,0.5,0.3,1.0,5,10,standard,False,2252.125,0.4985138888888889,8.5
Factorized,0.5,1.0,1.0,0.75,0.6,1.0,10,10,standard,True,2252.0874999999996,0.5006666666666666,8.5
Factorized,0.5,10.0,1.0,0.5,1.0,1.0,1,50,nash,True,2275.45,0.499,1.0
Joint,0.0,1.0,0.5,0.5,0.6,0.3,1,10,nash,True,1747.575,0.5213749999999999,15.0
Joint,0.0,1.0,0.5,0.5,0.6,0.6,5,100,standard,True,1830.3500000000001,0.503375,14.25
Joint,0.0,1.0,0.5,0.75,0.3,0.6,10,10,nash,False,1748.5375,0.5529722222222222,15.0
Joint,0.0,1.0,0.5,0.75,0.3,1.0,10,50,nash,True,1892.2375000000002,0.5965555555555555,14.25
Joint,0.0,1.0,1.0,0.25,0.6,0.6,5,100,nash,False,1953.7624999999998,0.6213055555555556,13.25
Joint,0.0,1.0,1.0,0.25,1.0,1.0,10,50,nash,False,2046.2875,0.6976249999999999,12.5
Joint,0.0,1.0,1.0,0.5,0.3,0.3,1,100,nash,False,1763.4125,0.5124583333333333,14.75
Joint,0.0,1.0,1.0,0.5,1.0,0.3,1,50,nash,False,1681.4625,0.5287361111111111,15.75
Joint,0.0,1.0,1.0,0.5,1.0,0.3,5,100,nash,False,1873.9375,0.6117083333333333,14.25
Joint,0.0,1.0,1.0,0.5,1.0,1.0,1,10,standard,True,1572.65,0.27522222222222226,16.75
Joint,0.0,1.0,1.0,0.75,0.3,0.3,10,100,nash,True,1752.925,0.5211250000000001,15.0
Joint,0.0,1.0,1.5,0.25,0.3,1.0,10,50,standard,False,1880.675,0.5064861111111112,13.5
Joint,0.0,1.0,1.5,0.75,0.3,1.0,1,10,standard,True,1661.925,0.43468055555555557,15.75
Joint,0.0,10.0,0.5,0.25,1.0,0.3,5,50,nash,True,1824.1625,0.5706944444444444,14.25
Joint,0.0,10.0,0.5,0.5,0.3,0.3,5,50,standard,False,1812.55,0.5000555555555556,14.0
Joint,0.0,10.0,0.5,0.5,0.6,1.0,5,10,standard,True,1793.9125000000001,0.49036111111111114,15.0
Joint,0.0,10.0,0.5,0.75,0.3,0.3,5,50,nash,True,1731.9375,0.5223472222222222,15.0
Joint,0.0,10.0,0.5,0.75,0.3,0.6,1,100,nash,False,1697.4875,0.5288472222222222,15.25
Joint,0.0,10.0,0.5,0.75,0.6,0.6,10,10,standard,False,1860.275,0.5313888888888889,14.25
Joint,0.0,10.0,0.5,0.75,1.0,0.3,10,50,nash,False,1852.85,0.6112916666666667,14.25
Joint,0.0,10.0,0.5,0.75,1.0,0.3,10,100,nash,True,1895.9,0.5940277777777778,14.0
Joint,0.0,10.0,1.0,0.5,0.6,0.3,5,10,standard,False,1884.8875,0.49995833333333334,13.25
Joint,0.0,10.0,1.0,0.5,0.6,0.6,5,50,nash,True,1939.1750000000002,0.6100833333333333,13.5
Joint,0.0,10.0,1.0,0.75,0.3,0.3,5,50,nash,True,1731.9375,0.5223472222222222,15.0
Joint,0.0,10.0,1.0,0.75,0.6,1.0,10,10,standard,False,1884.4375,0.5436944444444445,13.5
Joint,0.0,10.0,1.0,0.75,1.0,0.6,5,10,nash,False,2028.0125,0.6943055555555555,12.25
Joint,0.0,10.0,1.5,0.75,0.6,0.3,5,50,nash,False,1789.675,0.563125,15.0
Joint,0.0,10.0,1.5,0.75,1.0,1.0,10,10,standard,True,2004.7124999999999,0.5606944444444444,13.0
Joint,0.0,100.0,0.5,0.25,0.3,0.6,5,10,standard,False,1746.3625000000002,0.4261388888888889,15.0
Joint,0.0,100.0,0.5,0.25,0.3,1.0,5,100,standard,False,1667.5125,0.38231944444444443,15.75
Joint,0.0,100.0,0.5,0.25,0.6,0.6,1,10,standard,False,1581.625,0.34154166666666663,16.5
Joint,0.0,100.0,0.5,0.25,1.0,0.3,5,50,standard,False,1668.325,0.386,15.75
Joint,0.0,100.0,0.5,0.5,0.3,0.6,1,100,standard,False,1782.85,0.4585,14.75
Joint,0.0,100.0,0.5,0.5,0.3,0.6,10,100,nash,False,1779.6375,0.5441527777777777,14.5
Joint,0.0,100.0,0.5,0.5,0.3,0.6,10,100,standard,True,1662.0125,0.46808333333333335,15.75
Joint,0.0,100.0,1.0,0.25,0.3,0.6,10,100,standard,False,1747.15,0.42568055555555556,15.0
Joint,0.0,100.0,1.0,0.5,1.0,0.3,5,10,nash,False,1757.6125,0.5807222222222223,15.0
Joint,0.0,100.0,1.0,0.5,1.0,1.0,5,10,standard,True,1611.0125,0.3861527777777778,15.75
Joint,0.0,100.0,1.0,0.75,0.3,1.0,1,10,nash,False,1725.9625,0.5812638888888889,15.25
Joint,0.0,100.0,1.5,0.5,0.6,0.6,10,100,nash,False,1784.125,0.5924027777777778,15.0
Joint,0.05,1.0,0.5,0.5,0.6,0.3,1,10,nash,True,1795.1625,0.5195555555555555,11.25
Joint,0.05,1.0,0.5,0.5,0.6,0.6,5,100,standard,True,1837.475,0.4858611111111111,9.75
Joint,0.05,1.0,0.5,0.75,0.3,0.6,10,10,nash,False,1818.425,0.5438472222222223,10.5
Joint,0.05,1.0,0.5,0.75,0.3,1.0,10,50,nash,True,1835.9375,0.5698055555555556,10.75
Joint,0.05,1.0,1.0,0.25,0.6,0.6,5,100,nash,False,1871.0125,0.5905,9.25
Joint,0.05,1.0,1.0,0.25,1.0,1.0,10,50,nash,False,1982.5375,0.6728888888888889,6.5
Joint,0.05,1.0,1.0,0.5,0.3,0.3,1,100,nash,False,1769.7125,0.5114166666666666,12.25
Joint,0.05,1.0,1.0,0.5,1.0,0.3,1,50,nash,False,1797.35,0.5347361111111111,12.75
Joint,0.05,1.0,1.0,0.5,1.0,0.3,5,100,nash,False,1875.4875,0.5889166666666668,9.75
Joint,0.05,1.0,1.0,0.5,1.0,1.0,1,10,standard,True,1695.1125,0.3119722222222222,14.0
Joint,0.05,1.0,1.0,0.75,0.3,0.3,10,100,nash,True,1792.7625,0.5171388888888888,12.0
Joint,0.05,1.0,1.5,0.25,0.3,1.0,10,50,standard,False,1826.275,0.48554166666666665,10.5
Joint,0.05,1.0,1.5,0.75,0.3,1.0,1,10,standard,True,1726.35,0.4504722222222222,14.75
Joint,0.05,10.0,0.5,0.25,1.0,0.3,5,50,nash,True,1824.025,0.5466944444444444,11.75
Joint,0.05,10.0,0.5,0.5,0.3,0.3,5,50,standard,False,1763.1625,0.4954305555555556,13.5
Joint,0.05,10.0,0.5,0.5,0.6,1.0,5,10,standard,True,1762.375,0.4658333333333333,12.5
Joint,0.05,10.0,0.5,0.75,0.3,0.3,5,50,nash,True,1801.6625,0.5188472222222222,11.75
Joint,0.05,10.0,0.5,0.75,0.3,0.6,1,100,nash,False,1758.4375,0.529,13.75
Joint,0.05,10.0,0.5,0.75,0.6,0.6,10,10,standard,False,1815.825,0.5129583333333333,11.0
Joint,0.05,10.0,0.5,0.75,1.0,0.3,10,50,nash,False,1843.075,0.5903333333333334,10.0
Joint,0.05,10.0,0.5,0.75,1.0,0.3,10,100,nash,True,1830.3625,0.5690555555555555,10.25
Joint,0.05,10.0,1.0,0.5,0.6,0.3,5,10,standard,False,1811.3375,0.49015277777777777,12.25
Joint,0.05,10.0,1.0,0.5,0.6,0.6,5,50,nash,True,1879.3125,0.5750555555555555,9.75
Joint,0.05,10.0,1.0,0.75,0.3,0.3,5,50,nash,True,1801.6625,0.5188472222222222,11.75
Joint,0.05,10.0,1.0,0.75,0.6,1.0,10,10,standard,False,1821.8875,0.514625,10.5
Joint,0.05,10.0,1.0,0.75,1.0,0.6,5,10,nash,False,1917.95,0.6567638888888889,8.25
Joint,0.05,10.0,1.5,0.75,0.6,0.3,5,50,nash,False,1792.9125,0.5498611111111111,12.25
Joint,0.05,10.0,1.5,0.75,1.0,1.0,10,10,standard,True,1915.5375,0.5359027777777778,8.0
Joint,0.05,100.0,0.5,0.25,0.3,0.6,5,10,standard,False,1749.8,0.43056944444444445,13.75
Joint,0.05,100.0,0.5,0.25,0.3,1.0,5,100,standard,False,1706.9125,0.38816666666666666,13.75
Joint,0.05,100.0,0.5,0.25,0.6,0.6,1,10,standard,False,1672.3874999999998,0.3537638888888889,14.75
Joint,0.05,100.0,0.5,0.25,1.0,0.3,5,50,standard,False,1709.2375000000002,0.3913055555555556,13.75
Joint,0.05,100.0,0.5,0.5,0.3,0.6,1,100,standard,False,1754.85,0.46144444444444443,14.0
Joint,0.05,100.0,0.5,0.5,0.3,0.6,10,100,nash,False,1770.2625,0.5382638888888889,13.5
Joint,0.05,100.0,0.5,0.5,0.3,0.6,10,100,standard,True,1778.9125,0.47134722222222225,13.0
Joint,0.05,100.0,1.0,0.25,0.3,0.6,10,100,standard,False,1748.725,0.43018055555555557,13.75
Joint,0.05,100.0,1.0,0.5,1.0,0.3,5,10,nash,False,1788.1125,0.5690277777777777,13.0
Joint,0.05,100.0,1.0,0.5,1.0,1.0,5,10,standard,True,1717.875,0.38398611111111114,14.5
Joint,0.05,100.0,1.0,0.75,0.3,1.0,1,10,nash,False,1743.1,0.5752638888888889,14.75
Joint,0.05,100.0,1.5,0.5,0.6,0.6,10,100,nash,False,1799.6875,0.5792083333333333,12.75
Joint,0.1,1.0,0.5,0.5,0.6,0.3,1,10,nash,True,1827.0625,0.51925,12.5
Joint,0.1,1.0,0.5,0.5,0.6,0.6,5,100,standard,True,1814.0,0.4776666666666667,13.5
Joint,0.1,1.0,0.5,0.75,0.3,0.6,10,10,nash,False,1869.8875,0.5354444444444444,10.25
Joint,0.1,1.0,0.5,0.75,0.3,1.0,10,50,nash,True,1853.975,0.5511666666666667,11.75
Joint,0.1,1.0,1.0,0.25,0.6,0.6,5,100,nash,False,1891.8125,0.5687083333333334,10.0
Joint,0.1,1.0,1.0,0.25,1.0,1.0,10,50,nash,False,1969.95,0.6455138888888888,5.75
Joint,0.1,1.0,1.0,0.5,0.3,0.3,1,100,nash,False,1829.3,0.5122361111111111,12.75
Joint,0.1,1.0,1.0,0.5,1.0,0.3,1,50,nash,False,1829.3375,0.5343333333333333,12.75
Joint,0.1,1.0,1.0,0.5,1.0,0.3,5,100,nash,False,1896.8125,0.5683611111111111,9.25
Joint,0.1,1.0,1.0,0.5,1.0,1.0,1,10,standard,True,1800.9875,0.3508888888888889,12.5
Joint,0.1,1.0,1.0,0.75,0.3,0.3,10,100,nash,True,1830.725,0.5141805555555555,13.25
Joint,0.1,1.0,1.5,0.25,0.3,1.0,10,50,standard,False,1875.6875,0.47344444444444445,9.5
Joint,0.1,1.0,1.5,0.75,0.3,1.0,1,10,standard,True,1797.3375,0.46570833333333334,14.0
Joint,0.1,10.0,0.5,0.25,1.0,0.3,5,50,nash,True,1857.725,0.5337777777777778,10.75
Joint,0.1,10.0,0.5,0.5,0.3,0.3,5,50,standard,False,1826.65,0.49354166666666666,12.25
Joint,0.1,10.0,0.5,0.5,0.6,1.0,5,10,standard,True,1812.4875,0.4595972222222222,13.5
Joint,0.1,10.0,0.5,0.75,0.3,0.3,5,50,nash,True,1836.5,0.5161527777777778,12.5
Joint,0.1,10.0,0.5,0.75,0.3,0.6,1,100,nash,False,1835.225,0.5292916666666667,12.5
Joint,0.1,10.0,0.5,0.75,0.6,0.6,10,10,standard,False,1866.7625,0.4992777777777778,10.5
Joint,0.1,10.0,0.5,0.75,1.0,0.3,10,50,nash,False,1856.725,0.5709166666666666,11.75
Joint,0.1,10.0,0.5,0.75,1.0,0.3,10,100,nash,True,1852.975,0.5548472222222223,11.75
Joint,0.1,10.0,1.0,0.5,0.6,0.3,5,10,standard,False,1867.8875,0.48691666666666666,10.25
Joint,0.1,10.0,1.0,0.5,0.6,0.6,5,50,nash,True,1874.8125,0.5557777777777778,10.75
Joint,0.1,10.0,1.0,0.75,0.3,0.3,5,50,nash,True,1836.5,0.5161527777777778,12.5
Joint,0.1,10.0,1.0,0.75,0.6,1.0,10,10,standard,False,1881.525,0.49683333333333335,10.25
Joint,0.1,10.0,1.0,0.75,1.0,0.6,5,10,nash,False,1890.225,0.6234027777777778,10.5
Joint,0.1,10.0,1.5,0.75,0.6,0.3,5,50,nash,False,1854.5,0.5423194444444445,11.75
Joint,0.1,10.0,1.5,0.75,1.0,1.0,10,10,standard,True,1901.55,0.5208472222222222,9.0
Joint,0.1,100.0,0.5,0.25,0.3,0.6,5,10,standard,False,1826.75,0.43713888888888885,12.0
Joint,0.1,100.0,0.5,0.25,0.3,1.0,5,100,standard,False,1797.6875,0.39740277777777777,12.5
Joint,0.1,100.0,0.5,0.25,0.6,0.6,1,10,standard,False,1787.45,0.36841666666666667,13.25
Joint,0.1,100.0,0.5,0.25,1.0,0.3,5,50,standard,False,1799.8,0.4003888888888889,12.5
Joint,0.1,100.0,0.5,0.5,0.3,0.6,1,100,standard,False,1827.6375,0.46618055555555554,12.25
Joint,0.1,100.0,0.5,0.5,0.3,0.6,10,100,nash,False,1845.4375,0.5359444444444444,12.0
Joint,0.1,100.0,0.5,0.5,0.3,0.6,10,100,standard,True,1794.05,0.47397222222222224,15.0
Joint,0.1,100.0,1.0,0.25,0.3,0.6,10,100,standard,False,1826.05,0.4363888888888889,12.0
Joint,0.1,100.0,1.0,0.5,1.0,0.3,5,10,nash,False,1853.3125,0.5615555555555556,12.0
Joint,0.1,100.0,1.0,0.5,1.0,1.0,5,10,standard,True,1813.475,0.39098611111111115,13.5
Joint,0.1,100.0,1.0,0.75,0.3,1.0,1,10,nash,False,1820.7875,0.571375,14.75
Joint,0.1,100.0,1.5,0.5,0.6,0.6,10,100,nash,False,1846.75,0.5695972222222222,12.5
Joint,0.15,1.0,0.5,0.5,0.6,0.3,1,10,nash,True,1909.825,0.5186111111111111,11.5
Joint,0.15,1.0,0.5,0.5,0.6,0.6,5,100,standard,True,1884.5,0.4744861111111111,13.25
Joint,0.15,1.0,0.5,0.75,0.3,0.6,10,10,nash,False,1928.9,0.53,10.75
Joint,0.15,1.0,0.5,0.75,0.3,1.0,10,50,nash,True,1902.6375,0.5405,12.75
Joint,0.15,1.0,1.0,0.25,0.6,0.6,5,100,nash,False,1938.475,0.5566666666666666,10.5
Joint,0.15,1.0,1.0,0.25,1.0,1.0,10,50,nash,False,1950.75,0.6245277777777778,10.0
Joint,0.15,1.0,1.0,0.5,0.3,0.3,1,100,nash,False,1926.1375,0.512875,11.75
Joint,0.15,1.0,1.0,0.5,1.0,0.3,1,50,nash,False,1915.9,0.5356666666666666,11.25
Joint,0.15,1.0,1.0,0.5,1.0,0.3,5,100,nash,False,1932.2125,0.5543472222222222,10.75
Joint,0.15,1.0,1.0,0.5,1.0,1.0,1,10,standard,True,1872.025,0.3840972222222222,13.25
Joint,0.15,1.0,1.0,0.75,0.3,0.3,10,100,nash,True,1866.5625,0.5116388888888889,15.75
Joint,0.15,1.0,1.5,0.25,0.3,1.0,10,50,standard,False,1906.3875,0.47034722222222225,12.25
Joint,0.15,1.0,1.5,0.75,0.3,1.0,1,10,standard,True,1892.125,0.4802777777777778,14.0
Joint,0.15,10.0,0.5,0.25,1.0,0.3,5,50,nash,True,1896.6125,0.5232916666666667,13.25
Joint,0.15,10.0,0.5,0.5,0.3,0.3,5,50,standard,False,1897.825,0.4935833333333333,13.0
Joint,0.15,10.0,0.5,0.5,0.6,1.0,5,10,standard,True,1874.325,0.4582361111111111,14.0
Joint,0.15,10.0,0.5,0.75,0.3,0.3,5,50,nash,True,1881.475,0.512375,14.25
Joint,0.15,10.0,0.5,0.75,0.3,0.6,1,100,nash,False,1913.225,0.52925,11.5
Joint,0.15,10.0,0.5,0.75,0.6,0.6,10,10,standard,False,1897.45,0.49116666666666664,12.5
Joint,0.15,10.0,0.5,0.75,1.0,0.3,10,50,nash,False,1936.7625,0.5605416666666667,11.5
Joint,0.15,10.0,0.5,0.75,1.0,0.3,10,100,nash,True,1886.8,0.5431527777777778,14.5
Joint,0.15,10.0,1.0,0.5,0.6,0.3,5,10,standard,False,1904.675,0.4856111111111111,12.0
Joint,0.15,10.0,1.0,0.5,0.6,0.6,5,50,nash,True,1886.65,0.5408194444444444,14.0
Joint,0.15,10.0,1.0,0.75,0.3,0.3,5,50,nash,True,1881.475,0.512375,14.25
Joint,0.15,10.0,1.0,0.75,0.6,1.0,10,10,standard,False,1917.5875,0.48415277777777777,12.0
Joint,0.15,10.0,1.0,0.75,1.0,0.6,5,10,nash,False,1928.85,0.6056666666666667,12.5
Joint,0.15,10.0,1.5,0.75,0.6,0.3,5,50,nash,False,1920.8,0.5360694444444445,11.75
Joint,0.15,10.0,1.5,0.75,1.0,1.0,10,10,standard,True,1934.5875,0.5161388888888889,10.25
Joint,0.15,100.0,0.5,0.25,0.3,0.6,5,10,standard,False,1887.075,0.44456944444444446,13.25
Joint,0.15,100.0,0.5,0.25,0.3,1.0,5,100,standard,False,1873.1125,0.40875,13.75
Joint,0.15,100.0,0.5,0.25,0.6,0.6,1,10,standard,False,1861.1125,0.38354166666666667,14.5
Joint,0.15,100.0,0.5,0.25,1.0,0.3,5,50,standard,False,1876.65,0.41154166666666664,13.75
Joint,0.15,100.0,0.5,0.5,0.3,0.6,1,100,standard,False,1883.075,0.471125,14.5
Joint,0.15,100.0,0.5,0.5,0.3,0.6,10,100,nash,False,1926.3,0.5321805555555555,12.0
Joint,0.15,100.0,0.5,0.5,0.3,0.6,10,100,standard,True,1870.8625,0.47829166666666667,15.0
Joint,0.15,100.0,1.0,0.25,0.3,0.6,10,100,standard,False,1884.9125,0.4438611111111111,13.5
Joint,0.15,100.0,1.0,0.5,1.0,0.3,5,10,nash,False,1938.675,0.5547361111111111,11.0
Joint,0.15,100.0,1.0,0.5,1.0,1.0,5,10,standard,True,1838.9625,0.4056388888888889,16.0
Joint,0.15,100.0,1.0,0.75,0.3,1.0,1,10,nash,False,1898.25,0.5648333333333333,12.75
Joint,0.15,100.0,1.5,0.5,0.6,0.6,10,100,nash,False,1922.45,0.5622638888888889,12.0
Joint,0.2,1.0,0.5,0.5,0.6,0.3,1,10,nash,True,1941.0625,0.5154166666666666,14.75
Joint,0.2,1.0,0.5,0.5,0.6,0.6,5,100,standard,True,1922.3125,0.47601388888888885,15.0
Joint,0.2,1.0,0.5,0.75,0.3,0.6,10,10,nash,False,1952.5,0.5246666666666667,14.25
Joint,0.2,1.0,0.5,0.75,0.3,1.0,10,50,nash,True,1921.675,0.5294305555555556,15.75
Joint,0.2,1.0,1.0,0.25,0.6,0.6,5,100,nash,False,1960.875,0.5441388888888888,13.75
Joint,0.2,1.0,1.0,0.25,1.0,1.0,10,50,nash,False,1992.7625,0.6154722222222222,11.25
Joint,0.2,1.0,1.0,0.5,0.3,0.3,1,100,nash,False,1945.125,0.5117499999999999,15.0
Joint,0.2,1.0,1.0,0.5,1.0,0.3,1,50,nash,False,1950.1125,0.5327083333333333,14.75
Joint,0.2,1.0,1.0,0.5,1.0,0.3,5,100,nash,False,1965.9375,0.5430138888888889,14.25
Joint,0.2,1.0,1.0,0.5,1.0,1.0,1,10,standard,True,1917.6875,0.41575,15.0
Joint,0.2,1.0,1.0,0.75,0.3,0.3,10,100,nash,True,1928.55,0.5090277777777777,15.25
Joint,0.2,1.0,1.5,0.25,0.3,1.0,10,50,standard,False,1926.1625,0.4695416666666667,15.5
Joint,0.2,1.0,1.5,0.75,0.3,1.0,1,10,standard,True,1940.25,0.4903888888888889,15.0
Joint,0.2,10.0,0.5,0.25,1.0,0.3,5,50,nash,True,1912.25,0.5150277777777778,15.5
Joint,0.2,10.0,0.5,0.5,0.3,0.3,5,50,standard,False,1941.175,0.49333333333333335,15.0
Joint,0.2,10.0,0.5,0.5,0.6,1.0,5,10,standard,True,1917.5375,0.463125,15.5
Joint,0.2,10.0,0.5,0.75,0.3,0.3,5,50,nash,True,1909.475,0.5094166666666666,14.75
Joint,0.2,10.0,0.5,0.75,0.3,0.6,1,100,nash,False,1947.55,0.5255000000000001,15.0
Joint,0.2,10.0,0.5,0.75,0.6,0.6,10,10,standard,False,1950.2,0.48668055555555556,14.25
Joint,0.2,10.0,0.5,0.75,1.0,0.3,10,50,nash,False,1964.1,0.5490694444444444,14.25
Joint,0.2,10.0,0.5,0.75,1.0,0.3,10,100,nash,True,1918.35,0.5326388888888889,15.75
Joint,0.2,10.0,1.0,0.5,0.6,0.3,5,10,standard,False,1934.4125,0.48454166666666665,15.5
Joint,0.2,10.0,1.0,0.5,0.6,0.6,5,50,nash,True,1916.075,0.5290833333333333,15.75
Joint,0.2,10.0,1.0,0.75,0.3,0.3,5,50,nash,True,1909.475,0.5094166666666666,14.75
Joint,0.2,10.0,1.0,0.75,0.6,1.0,10,10,standard,False,1947.4375,0.4779027777777778,14.0
Joint,0.2,10.0,1.0,0.75,1.0,0.6,5,10,nash,False,1941.325,0.5844027777777778,15.5
Joint,0.2,10.0,1.5,0.75,0.6,0.3,5,50,nash,False,1948.0125,0.5295138888888888,15.0
Joint,0.2,10.0,1.5,0.75,1.0,1.0,10,10,standard,True,1921.425,0.5118194444444444,15.5
Joint,0.2,100.0,0.5,0.25,0.3,0.6,5,10,standard,False,1910.0375,0.451,16.0
Joint,0.2,100.0,0.5,0.25,0.3,1.0,5,100,standard,False,1916.9,0.41965277777777776,15.25
Joint,0.2,100.0,0.5,0.25,0.6,0.6,1,10,standard,False,1917.725,0.39876388888888886,15.0
Joint,0.2,100.0,0.5,0.25,1.0,0.3,5,50,standard,False,1914.0625,0.4221111111111111,15.25
Joint,0.2,100.0,0.5,0.5,0.3,0.6,1,100,standard,False,1927.6125,0.475375,15.5
Joint,0.2,100.0,0.5,0.5,0.3,0.6,10,100,nash,False,1949.4875,0.5275277777777778,15.0
Joint,0.2,100.0,0.5,0.5,0.3,0.6,10,100,standard,True,1916.5375,0.48241666666666666,15.5
Joint,0.2,100.0,1.0,0.25,0.3,0.6,10,100,standard,False,1913.025,0.4504861111111111,16.0
Joint,0.2,100.0,1.0,0.5,1.0,0.3,5,10,nash,False,1956.6,0.5452777777777778,14.75
Joint,0.2,100.0,1.0,0.5,1.0,1.0,5,10,standard,True,1910.65,0.42308333333333337,15.5
Joint,0.2,100.0,1.0,0.75,0.3,1.0,1,10,nash,False,1951.1625,0.5564027777777778,14.5
Joint,0.2,100.0,1.5,0.5,0.6,0.6,10,100,nash,False,1948.7875,0.5529861111111111,14.75
Joint,0.25,1.0,0.5,0.5,0.6,0.3,1,10,nash,True,2004.075,0.5112916666666667,15.0
Joint,0.25,1.0,0.5,0.5,0.6,0.6,5,100,standard,True,1978.5625,0.47909722222222223,16.0
Joint,0.25,1.0,0.5,0.75,0.3,0.6,10,10,nash,False,1995.075,0.5202361111111111,15.0
Joint,0.25,1.0,0.5,0.75,0.3,1.0,10,50,nash,True,1992.7,0.5230138888888889,15.5
Joint,0.25,1.0,1.0,0.25,0.6,0.6,5,100,nash,False,2018.4,0.5359305555555556,14.75
Joint,0.25,1.0,1.0,0.25,1.0,1.0,10,50,nash,False,2016.775,0.5874166666666667,14.75
Joint,0.25,1.0,1.0,0.5,0.3,0.3,1,100,nash,False,2000.9,0.5095694444444444,14.75
Joint,0.25,1.0,1.0,0.5,1.0,0.3,1,50,nash,False,1995.5125,0.527625,15.75
Joint,0.25,1.0,1.0,0.5,1.0,0.3,5,100,nash,False,1995.275,0.5326388888888889,15.75
Joint,0.25,1.0,1.0,0.5,1.0,1.0,1,10,standard,True,2019.425,0.43919444444444444,13.75
Joint,0.25,1.0,1.0,0.75,0.3,0.3,10,100,nash,True,1977.8625,0.5073472222222222,16.0
Joint,0.25,1.0,1.5,0.25,0.3,1.0,10,50,standard,False,1971.125,0.46997222222222224,16.0
Joint,0.25,1.0,1.5,0.75,0.3,1.0,1,10,standard,True,1994.0875,0.49593055555555554,14.75
Joint,0.25,10.0,0.5,0.25,1.0,0.3,5,50,nash,True,2002.525,0.5088194444444445,14.75
Joint,0.25,10.0,0.5,0.5,0.3,0.3,5,50,standard,False,1997.9375,0.4925277777777778,14.75
Joint,0.25,10.0,0.5,0.5,0.6,1.0,5,10,standard,True,1983.2375,0.46830555555555553,15.75
Joint,0.25,10.0,0.5,0.75,0.3,0.3,5,50,nash,True,2007.2375000000002,0.5054166666666666,14.75
Joint,0.25,10.0,0.5,0.75,0.3,0.6,1,100,nash,False,1993.6125,0.5211805555555555,16.0
Joint,0.25,10.0,0.5,0.75,0.6,0.6,10,10,standard,False,1991.35,0.4826111111111111,15.25
Joint,0.25,10.0,0.5,0.75,1.0,0.3,10,50,nash,False,2005.0,0.5382638888888889,14.75
Joint,0.25,10.0,0.5,0.75,1.0,0.3,10,100,nash,True,1987.975,0.5242361111111111,15.75
Joint,0.25,10.0,1.0,0.5,0.6,0.3,5,10,standard,False,2000.8875,0.48404166666666665,14.5
Joint,0.25,10.0,1.0,0.5,0.6,0.6,5,50,nash,True,2000.0,0.5202083333333334,14.75
Joint,0.25,10.0,1.0,0.75,0.3,0.3,5,50,nash,True,2007.2375000000002,0.5054166666666666,14.75
Joint,0.25,10.0,1.0,0.75,0.6,1.0,10,10,standard,False,2009.5875,0.47115277777777775,14.25
Joint,0.25,10.0,1.0,0.75,1.0,0.6,5,10,nash,False,2008.7375,0.5687638888888888,14.75
Joint,0.25,10.0,1.5,0.75,0.6,0.3,5,50,nash,False,1993.1375,0.5229444444444444,15.5
Joint,0.25,10.0,1.5,0.75,1.0,1.0,10,10,standard,True,1986.075,0.5140277777777778,15.5
Joint,0.25,100.0,0.5,0.25,0.3,0.6,5,10,standard,False,2000.5625,0.4575,14.25
Joint,0.25,100.0,0.5,0.25,0.3,1.0,5,100,standard,False,1992.5375,0.4310277777777778,15.0
Joint,0.25,100.0,0.5,0.25,0.6,0.6,1,10,standard,False,1998.3625,0.4141666666666667,15.25
Joint,0.25,100.0,0.5,0.25,1.0,0.3,5,50,standard,False,1989.6875,0.4330833333333333,15.25
Joint,0.25,100.0,0.5,0.5,0.3,0.6,1,100,standard,False,1998.225,0.47838888888888886,14.75
Joint,0.25,100.0,0.5,0.5,0.3,0.6,10,100,nash,False,2002.875,0.5221388888888889,14.75
Joint,0.25,100.0,0.5,0.5,0.3,0.6,10,100,standard,True,1976.2625,0.4877916666666667,16.0
Joint,0.25,100.0,1.0,0.25,0.3,0.6,10,100,standard,False,2001.65,0.4572222222222222,14.25
Joint,0.25,100.0,1.0,0.5,1.0,0.3,5,10,nash,False,1995.6125,0.5362083333333333,15.75
Joint,0.25,100.0,1.0,0.5,1.0,1.0,5,10,standard,True,2001.825,0.4415,15.0
Joint,0.25,100.0,1.0,0.75,0.3,1.0,1,10,nash,False,2005.5625,0.5468888888888889,15.0
Joint,0.25,100.0,1.5,0.5,0.6,0.6,10,100,nash,False,2006.0125,0.5430555555555556,15.0
