,testing_strategy,noise_level,mean_score,std_dev,n_reps,se,ci_lower,ci_upper
0,0_DBS,0.0,3.2443333333333335,0.0,10.0,0.0,3.2443333333333335,3.2443333333333335
1,0_DBS,0.05,2.9801111111111114,0.016849776021924612,10.0,0.005328367029297302,2.968057507469471,2.992164714752752
2,0_DBS,0.1,2.840188888888889,0.07077540453799713,10.0,0.022381148065988805,2.789559214478514,2.890818563299264
3,0_DBS,0.15,2.679072222222222,0.01357739714768256,10.0,0.004293549968335043,2.669359537407281,2.688784907037163
4,0_DBS,0.2,2.5686,0.0439087140721265,10.0,0.013885154559700658,2.537189598155437,2.600010401844563
5,0_DBS,0.25,2.4720611111111106,0.011651325892864283,10.0,0.0036844727582346117,2.463726254669729,2.480395967552492
6,0_DBS,0.3,2.3890666666666673,0.016830364811798275,10.0,0.005322228665683367,2.3770269489682443,2.4011063843650904
7,0_DBS,0.35,2.3479944444444447,0.013924040701786952,10.0,0.004403168285053612,2.338033785769159,2.3579551031197306
8,0_DBS,0.4,2.310411111111111,0.019127956973949277,10.0,0.006048791102338175,2.2967277949923486,2.324094427229874
9,0_DBS,0.45,2.275533333333333,0.016464581431088934,10.0,0.005206557804355566,2.2637552813023962,2.28731138536427
10,1_RiskyQLearner,0.0,1.8577333333333332,0.017340193324376408,10.0,0.005483450597267637,1.8453289062875677,1.8701377603790987
11,1_RiskyQLearner,0.05,1.8679444444444446,0.009359274648597142,10.0,0.0029596625136639,1.861249222689529,1.8746396661993603
12,1_RiskyQLearner,0.1,1.90245,0.009537646510550706,10.0,0.003016068649089739,1.895627178701802,1.909272821298198
13,1_RiskyQLearner,0.15,1.9431,0.009176922807156308,10.0,0.0029019977982160084,1.936535224894179,1.9496647751058211
14,1_RiskyQLearner,0.2,1.9890944444444443,0.009437871714352378,10.0,0.002984517088183157,1.9823429977357503,1.9958458911531383
15,1_RiskyQLearner,0.25,2.0319666666666665,0.008186157140214216,10.0,0.0025886901847127284,2.0261106426229083,2.0378226907104247
16,1_RiskyQLearner,0.3,2.074733333333333,0.009557952613497718,10.0,0.003022490002661181,2.0678959859241584,2.081570680742508
17,1_RiskyQLearner,0.35,2.1197388888888886,0.009208492308182045,10.0,0.0029119809509996434,2.11315153032249,2.126326247455287
18,1_RiskyQLearner,0.4,2.169377777777778,0.012849578195721212,10.0,0.00406339340709159,2.1601857432764318,2.1785698122791244
19,1_RiskyQLearner,0.45,2.208744444444444,0.011701804815482305,10.0,0.0037004355951650455,2.2003734775571613,2.217115411331727
20,2_APavlov2011,0.0,2.451222222222222,4.681111291435602e-16,10.0,1.4802973661668753e-16,2.4512222222222215,2.4512222222222224
21,2_APavlov2011,0.05,1.9894055555555554,0.023916565219669866,10.0,0.007563081990212206,1.9722966754581441,2.0065144356529667
22,2_APavlov2011,0.1,2.123288888888889,0.01596566532080031,10.0,0.005048786677369184,2.1118677399429555,2.134710037834822
23,2_APavlov2011,0.15,2.1939,0.00949221036498704,10.0,0.0030017004782817254,2.187109681762313,2.2006903182376876
24,2_APavlov2011,0.2,2.226961111111111,0.018122223546865785,10.0,0.005730750267483104,2.213997253344996,2.2399249688772263
25,2_APavlov2011,0.25,2.2576222222222224,0.014189241272923576,10.0,0.004487032069210536,2.247471850486902,2.267772593957543
26,2_APavlov2011,0.3,2.261566666666666,0.016793055753386556,10.0,0.005310430505489638,2.2495536382608337,2.2735796950724985
27,2_APavlov2011,0.35,2.2728277777777772,0.01266984609219858,10.0,0.004006557125513121,2.2637643158779137,2.2818912396776407
28,2_APavlov2011,0.4,2.2700944444444446,0.012256267118346788,10.0,0.0038757719705404324,2.2613268391196972,2.278862049769192
29,2_APavlov2011,0.45,2.2613444444444446,0.014149864158101589,10.0,0.00447457993215819,2.25122224140015,2.2714666474887393
30,3_ContriteTitForTat,0.0,2.555388888888889,0.0,10.0,0.0,2.555388888888889,2.555388888888889
31,3_ContriteTitForTat,0.05,2.343844444444444,0.0159704330720957,10.0,0.005050294372710249,2.332419884854696,2.3552690040341924
32,3_ContriteTitForTat,0.1,2.3158833333333333,0.014117002026907473,10.0,0.004464188013824123,2.3057846384415335,2.325982028225133
33,3_ContriteTitForTat,0.15,2.287172222222222,0.007129098104285106,10.0,0.002254418767232953,2.282072372659853,2.292272071784591
34,3_ContriteTitForTat,0.2,2.268538888888889,0.008644441667459665,10.0,0.002733612476963639,2.2623550278436584,2.27472274993412
35,3_ContriteTitForTat,0.25,2.2522277777777777,0.01021706962195169,10.0,0.0032309211017882817,2.244918926464751,2.2595366290908045
36,3_ContriteTitForTat,0.3,2.2475944444444442,0.013000370628883578,10.0,0.004111078161362768,2.2382945395346643,2.256894349354224
37,3_ContriteTitForTat,0.35,2.2518944444444444,0.006843360604420933,10.0,0.002164060635983669,2.2469989991759034,2.2567898897129854
38,3_ContriteTitForTat,0.4,2.246322222222222,0.00891115267377396,10.0,0.0028179539026625114,2.2399475676167215,2.2526968768277227
39,3_ContriteTitForTat,0.45,2.2511,0.011519524786342253,10.0,0.003642793588760603,2.2428594283903864,2.2593405716096138
40,4_StochasticWSLS,0.0,2.589211111111111,0.026268018180851,10.0,0.008306676707020195,2.570420102898812,2.60800211932341
41,4_StochasticWSLS,0.05,2.501211111111111,0.023491626503395476,10.0,0.007428704569270693,2.484406213859008,2.518016008363214
42,4_StochasticWSLS,0.1,2.4250777777777777,0.02005120673755997,10.0,0.006340748312560358,2.4107340085646642,2.439421546990891
43,4_StochasticWSLS,0.15,2.360027777777778,0.014901948620980179,10.0,0.00471240992171026,2.349367565919076,2.3706879896364796
44,4_StochasticWSLS,0.2,2.3148666666666666,0.015967714339709577,10.0,0.005049434634041387,2.3034440519409065,2.3262892813924267
45,4_StochasticWSLS,0.25,2.2904722222222222,0.017788292608046007,10.0,0.00562515203269622,2.277747244259315,2.3031972001851293
46,4_StochasticWSLS,0.3,2.2661388888888885,0.012303106380577123,10.0,0.003890583845797408,2.2573377767744334,2.2749400010033436
47,4_StochasticWSLS,0.35,2.2505666666666664,0.016698627790810296,10.0,0.0052805697618346255,2.2386211879559816,2.262512145377351
48,4_StochasticWSLS,0.4,2.2508222222222223,0.017700464603730898,10.0,0.005597378379097936,2.2381600726287414,2.263484371815703
49,4_StochasticWSLS,0.45,2.2477222222222224,0.01213323384393706,10.0,0.0038368654330281074,2.239042629599991,2.256401814844454
50,5_Cooperator,0.0,1.875,0.0,10.0,0.0,1.875,1.875
51,5_Cooperator,0.05,1.8002111111111112,0.015009228985278001,10.0,0.004746334951649633,1.7894741555029323,1.81094806671929
52,5_Cooperator,0.1,1.8562388888888885,0.011012153468122647,10.0,0.0034823486902589985,1.8483612688556637,1.8641165089221134
53,5_Cooperator,0.15,1.9061666666666668,0.01082825141962377,10.0,0.0034241937562962785,1.8984206022338608,1.9139127310994728
54,5_Cooperator,0.2,1.9612888888888889,0.008583560067323732,10.0,0.0027143600245611225,1.9551485799167632,1.9674291978610146
55,5_Cooperator,0.25,2.00885,0.009786613922666469,10.0,0.0030947990576341003,2.0018490781441787,2.015850921855821
56,5_Cooperator,0.3,2.0606,0.009580028952592523,10.0,0.0030294711540549612,2.053746860129195,2.067453139870805
57,5_Cooperator,0.35,2.1070833333333328,0.010002923098152112,10.0,0.0031632020249668692,2.0999276732149994,2.114238993451666
58,5_Cooperator,0.4,2.1572222222222224,0.013725758028994563,10.0,0.004340465798396627,2.1474034064262564,2.1670410380181884
59,5_Cooperator,0.45,2.2085944444444445,0.008996038222667983,10.0,0.002844797070156381,2.202159066375324,2.215029822513565
60,6_Defector,0.0,2.5,0.0,10.0,0.0,2.5,2.5
61,6_Defector,0.05,2.628072222222222,0.011568696528520328,10.0,0.0036583430589407313,2.6197964752672616,2.6363479691771823
62,6_Defector,0.1,2.59495,0.008313039074591978,10.0,0.0026288137753689026,2.5890032100882396,2.60089678991176
63,6_Defector,0.15,2.553144444444444,0.014434070348701915,10.0,0.0045644538208998876,2.5428189325389785,2.5634699563499095
64,6_Defector,0.2,2.5082277777777775,0.011131784779320588,10.0,0.0035201794325447886,2.5002645786599147,2.5161909768956403
65,6_Defector,0.25,2.466105555555555,0.016140298168426298,10.0,0.005104010432647109,2.4545594817960605,2.4776516293150497
66,6_Defector,0.3,2.425638888888889,0.01323599371004893,10.0,0.004185588721941692,2.416170429380787,2.4351073483969907
67,6_Defector,0.35,2.3848833333333332,0.01369502853536133,10.0,0.004330748279274161,2.375086500092855,2.3946801665738113
68,6_Defector,0.4,2.3434777777777773,0.011805354391895395,10.0,0.003733180846386147,2.3350327359858953,2.3519228195696593
69,6_Defector,0.45,2.2939833333333333,0.01691133275596545,10.0,0.00534783297778633,2.2818856946568866,2.30608097200978
70,7_JaxFiveStateAgent,0.0,2.366044444444445,0.005435606331087292,10.0,0.001718889647026715,2.3621560459172675,2.369932842971622
71,7_JaxFiveStateAgent,0.05,2.304211111111111,0.007851144272799886,10.0,0.0024827498140633994,2.298594740835653,2.309827481386569
72,7_JaxFiveStateAgent,0.1,2.2648055555555553,0.01036425911201646,10.0,0.003277466505412621,2.257391411224322,2.2722196998867887
73,7_JaxFiveStateAgent,0.15,2.233372222222222,0.012939636419627643,10.0,0.004091872318048965,2.224115763948463,2.242628680495981
74,7_JaxFiveStateAgent,0.2,2.2086722222222224,0.01516426856634581,10.0,0.004795362772014893,2.197824357979025,2.21952008646542
75,7_JaxFiveStateAgent,0.25,2.197888888888889,0.0151202994940617,10.0,0.004781458530512656,2.1870724782252,2.208705299552578
76,7_JaxFiveStateAgent,0.3,2.192677777777778,0.011850949039688245,10.0,0.0037475991400000045,2.184200119539721,2.201155436015835
77,7_JaxFiveStateAgent,0.35,2.1976666666666667,0.012338893196813087,10.0,0.003901900630748562,2.188839954206074,2.2064933791272594
78,7_JaxFiveStateAgent,0.4,2.2140666666666666,0.007518144489875485,10.0,0.002377446036625124,2.208688510085616,2.2194448232477173
79,7_JaxFiveStateAgent,0.45,2.227311111111111,0.011785526218964006,10.0,0.003726910627555858,2.2188802535396683,2.2357419686825533
80,8_JaxFiveStateAgentDecay,0.0,2.361827777777778,0.005182039389655347,10.0,0.0016387047396019688,2.3581207701132847,2.3655347854422715
81,8_JaxFiveStateAgentDecay,0.05,2.292622222222222,0.01789475020915375,10.0,0.005658816882070034,2.2798210890791677,2.3054233553652765
82,8_JaxFiveStateAgentDecay,0.1,2.265483333333333,0.008713668448629936,10.0,0.0027555039073216504,2.259249950432113,2.271716716234553
83,8_JaxFiveStateAgentDecay,0.15,2.236011111111111,0.010697800499547588,10.0,0.003382941553265746,2.228358365644874,2.243663856577348
84,8_JaxFiveStateAgentDecay,0.2,2.2119555555555555,0.014719643380006484,10.0,0.004654759942623987,2.201425757009982,2.2224853541011287
85,8_JaxFiveStateAgentDecay,0.25,2.2015222222222226,0.014008698062246076,10.0,0.004429939293028483,2.1915010033194893,2.211543441124956
86,8_JaxFiveStateAgentDecay,0.3,2.1981,0.011941610344219457,10.0,0.0037762687617960817,2.189557486571641,2.2066425134283594
87,8_JaxFiveStateAgentDecay,0.35,2.2026166666666667,0.012766647057544407,10.0,0.004037168278532705,2.1934839575277367,2.2117493758055966
88,8_JaxFiveStateAgentDecay,0.4,2.2134888888888886,0.009369557862592352,10.0,0.0029629143514530785,2.2067863109658257,2.2201914668119516
89,8_JaxFiveStateAgentDecay,0.45,2.227466666666667,0.009770416701656272,10.0,0.003089677046618365,2.2204773316047532,2.2344560017285806
90,9_JaxFiveStateAgentNoisy,0.0,2.362061111111111,0.003881779215326851,10.0,0.001227526369433404,2.359284253541905,2.3648379686803174
91,9_JaxFiveStateAgentNoisy,0.05,2.2929222222222223,0.007095430241747148,10.0,0.0022437720542760127,2.28784645719783,2.2979979872466147
92,9_JaxFiveStateAgentNoisy,0.1,2.246366666666667,0.016591211913455865,10.0,0.0052466018789040945,2.2344980286456604,2.2582353046876733
93,9_JaxFiveStateAgentNoisy,0.15,2.2156333333333333,0.013310247503879777,10.0,0.0042090698332830955,2.206111755861019,2.2251549108056476
94,9_JaxFiveStateAgentNoisy,0.2,2.20135,0.010847554767985422,10.0,0.0034302980110253287,2.193590126783635,2.209109873216365
95,9_JaxFiveStateAgentNoisy,0.25,2.2018666666666666,0.013682596357150287,10.0,0.00432681687933176,2.1920787268707285,2.211654606462605
96,9_JaxFiveStateAgentNoisy,0.3,2.216977777777778,0.015326044966689429,10.0,0.004846520961689801,2.206014185669369,2.2279413698861874
97,9_JaxFiveStateAgentNoisy,0.35,2.2303666666666664,0.012681121273873493,10.0,0.004010122651025612,2.2212951389877253,2.2394381943456074
98,9_JaxFiveStateAgentNoisy,0.4,2.240416666666667,0.011578776822373363,10.0,0.00366153072774667,2.2321337087038846,2.2486996246294493
99,9_JaxFiveStateAgentNoisy,0.45,2.2468166666666667,0.012256910651161685,10.0,0.0038759754734848458,2.2380486009862763,2.255584732347057
